y_test,LinearRegression,RandomForest,XGBRegressor,SVR
70000,68783.15453712642,102625.0,88069.81,349891.9964282825
220000,234646.18699996918,212645.69166666665,195726.08,349897.5547518752
1350000,1044753.8783548847,1079699.97,1.1158992e+06,350028.3338518324
500000,606880.1992110759,485684.99,514854.66,349725.93119748554
275000,402466.82543014735,266243.10333333333,256963.02,350045.2772476302
800000,720432.6846417785,989780.0,977302.44,350092.1989017868
1150000,1057973.785384819,1189620.0,1.2357504e+06,349861.8545840872
350000,170653.02998513728,161599.94,260809.42,349758.91189612553
660000,604394.2005716264,649509.9833333333,664244.9,349710.2379672608
345000,391114.2265183851,346959.98,332539.72,349979.7400610107
130000,382377.99119689316,296100.0,284784.12,349838.109246802
1375000,887341.9067016765,954350.0,1.2463496e+06,350029.21940377826
250000,414702.81838376075,248893.33,320298.75,350045.2772092184
229999,291217.69985931367,416779.94,317954.0,349891.9963631275
100000,19727.324412032962,85995.0,64380.664,349838.1092112683
250000,260338.91946664453,195965.57666666663,202340.72,349947.5600824102
900000,683078.1022403762,966329.99,1.0579485e+06,350067.38669056655
480000,486524.6585692987,373950.0,432645.75,349712.426994993
220000,350443.20619589835,252600.0,226960.89,349838.1092155066
220000,464296.5408885926,257260.0,278964.72,350000.0998928972
300000,510662.64376647025,352391.6666666666,401043.66,350100.6054913204
100000,387210.4831039086,146440.0,182826.86,350079.7048828757
130000,238186.37614614516,186949.99,206128.7,349761.38431329135
500000,243458.26472175866,260519.99,315797.03,350000.0999336376
82000,407225.4118507728,468893.2633333333,234446.69,350082.46567024547
220000,159808.34935832024,150980.0,176045.95,349923.7145809593
900000,611426.1259182915,711559.86,789177.5,350023.848961796
1150000,603118.4016369283,384385.0,766589.44,350092.198908779
80000,-94860.76222714037,67700.0,52640.055,350000.0999684374
600000,592833.4282971844,666851.6666666667,642944.4,349827.93359127274
150000,164808.19404619187,186665.3461904762,167067.88,349848.5313845663
110000,354115.82201173156,126790.0,141780.8,349712.4271395933
540000,496555.5748402104,654869.92,535004.2,350040.3682375176
229999,349613.53185385466,261949.99666666664,245109.73,349711.0547909022
1100000,1029045.9055275843,1265749.95,1.1519302e+06,350063.9961455916
399000,468071.5832225457,390400.0,414957.06,350045.27723513497
350000,394568.42777594924,617469.53,467681.53,349712.4272921917
302000,565645.5925707445,460953.84920634923,511228.34,349891.9964028768
930000,685468.4718029127,902799.82,971754.56,350079.70489854127
1150000,1037830.6002424732,1053720.0,1.1593044e+06,349921.9036925006
350000,396124.6366457194,315249.97,362446.66,349783.1770415375
509999,607016.511659734,448955.49999999994,476304.06,349990.05247967853
500000,440983.57419075817,643576.6566666667,587588.3,350079.70494033996
300000,449783.65811837465,393949.53,359522.3,349947.5600859557
349000,515572.44517089427,413659.99,369501.7,349977.12444518495
180000,380828.3492042124,210659.93,140953.56,349790.3147820497
245000,463111.8102394715,287116.1904761905,329428.97,350037.0111134337
55000,274658.1683983058,78339.99,42205.387,350063.996064109
840000,699101.6858195812,691799.99,783551.4,349951.8650289598
950000,722543.4836494327,775938.3333333335,833841.1,350101.37255336216
545000,654355.9419358224,651966.6666666666,665953.06,350009.8498670514
415000,473390.4323406145,434519.77,426059.34,350079.70499868365
550000,403109.88403015584,334699.99,364586.22,349711.0550350607
1800000,1049212.158942677,1187466.5866666667,1.01063994e+06,350054.83884519985
185000,476192.0012629032,236406.25333333333,219854.05,350000.09996382956
250000,225387.46536153555,317549.99,260953.75,349919.8632782068
65000,-52892.73480962217,75040.0,71706.69,349773.2745405662
300000,871161.3368168771,400290.0,381673.28,350054.83877126774
425000,438132.76862543076,462925.0,386196.8,350063.996156469
320000,558254.6777067333,500708.27333333326,495385.4,349814.066615132
1550000,900703.9036106542,1456710.0,1.655341e+06,349809.392964779
782000,573972.5150597617,718816.6666666665,635494.3,349903.12536428013
380000,373794.1335895285,253133.26333333337,286826.8,349827.93357434846
520000,437073.79372392595,351409.2933333333,338144.4,350063.9960293311
210000,306899.0336314216,244600.0,254030.77,349838.10925511556
300000,349479.31966874003,356869.99,327026.0,349833.319413432
800000,715944.2748053372,1025300.0,998769.0,350067.38670385367
212000,343309.64661863446,220929.99,247751.53,349903.12533614546
700000,498507.50240997225,565658.3233333334,542279.94,349720.06823057466
200000,317041.16681331396,303319.97,287857.03,349838.10920380463
160000,442953.54110108316,179651.6666666667,195186.45,349712.4270761772
300000,383740.449504219,289979.80600000004,289071.47,349710.5992423906
650000,737722.6649556682,811163.3266666667,698711.2,350009.4514725897
420000,427354.36766990274,362189.95,414561.47,349737.47271151876
45000,-177586.5651436299,49880.0,50790.43,349947.5600448729
565000,666292.9471944273,625570.0,600014.5,349963.84967449086
640000,682043.5232186913,703175.0,762547.06,350063.99615998147
163000,82491.88043278456,104265.47619047617,174544.2,349725.93115458597
105000,145165.95663695037,156600.0,141557.77,350000.0999850017
600000,621452.817009367,534925.0,573822.2,349788.74754232157
350000,397976.9373579174,341109.9,297896.62,349752.16405625513
750000,602016.5897428393,498970.0,680329.94,349711.05476182216
248000,200206.20383267105,235849.87,222840.48,349875.4421031351
650000,580890.8007833809,624540.0,608167.7,349948.46978133847
360000,440077.3474461958,506243.3333333334,287270.1,349838.10931709793
100000,56331.302412077785,136644.99,133771.23,349857.930520521
95000,429921.0280943215,232168.3333333333,196808.66,349838.10921450733
375000,421576.0747587681,412398.295,401983.2,349758.91193211795
110000,192167.12828484178,140713.75,139413.19,349803.4428218352
400000,531096.0199131072,379219.97,343631.16,349918.033899538
500000,448720.10863084346,356013.3,344527.66,350041.19707622007
92800,317794.0614826903,235063.91,249808.16,350063.9961586926
190000,377231.9291427955,147350.0,169068.47,349752.164080995
550000,537292.6706054509,494141.6666666666,443239.25,350063.9961364188
185000,453749.95208067447,162491.33333333334,197438.56,349769.85859025613
325000,427958.43661072105,194419.99,190412.52,349761.1705742042
700000,658024.2144172341,837620.0,730513.5,349814.1627748768
199000,171933.37781697512,196137.4925,204584.28,349933.5706256821
450000,458530.77944105864,350650.0,372038.47,349725.9311936418
349000,480092.34661637247,381000.0,322402.06,349725.9311507711
1000000,646607.237230964,800189.78,739943.25,350045.27724883746
700000,615377.6355847418,665099.99,620399.6,349947.560093898
320000,359492.98623811454,276870.0,274354.62,349891.99632219766
93000,-156536.29243551195,68520.0,62671.918,349732.4728167351
525000,796737.0310543627,637710.0,771610.3,349838.1092144752
800000,697020.9716943204,791300.0,870623.6,349891.99646157335
570000,466228.71762369573,590200.0,538519.2,350023.8489500009
130000,403729.58342359215,245560.0,200947.8,349790.3146719183
210000,562384.7092333585,278185.7733333334,292257.12,350000.1000059627
275000,412172.7794542238,242420.0,279953.56,349891.9964248946
220000,408410.4958540201,190640.0,201434.06,349838.10920060275
100000,56363.06075049937,102680.0,116948.01,350079.704975795
825000,660947.4590211734,720249.99,752033.9,349903.12538201024
575000,338627.1550309807,202999.93,225247.95,350109.557421972
450000,472790.41520612687,374909.96,408558.22,349838.1093769613
325000,363873.0382409692,342096.635,290830.22,349727.70432469243
270000,406498.62219605595,376099.99,299805.0,350076.9067495683
270000,472994.5549461767,189357.14285714284,198044.8,349838.10933182447
160000,382977.65168328583,274870.0,335162.9,349838.10920825123
650000,478023.5317845419,996479.99,1.0099288e+06,349838.10921842704
780000,669562.9593837112,753125.0,733681.0,349947.5600960278
550000,453263.32190609723,448180.0,445553.06,349891.9964068128
509999,608600.8378204703,578490.0,572484.4,350000.1000015751
440000,359146.1386771947,478349.92,428136.3,350094.0966738198
700000,478696.5227249339,632249.99,631590.75,350101.3725477584
280000,436078.1264651492,346699.93,363248.7,349711.0550428778
550000,584904.5721281022,532900.0,540115.5,349791.18595499324
250000,289174.5183744952,233039.9,234425.33,349712.4269449676
250000,354600.6538943425,273533.33,246458.19,349712.42698905815
550000,522965.8021142781,342640.0,474194.16,349797.74367828545
600000,491805.2314861119,541309.5238095238,517159.66,349725.9311560643
180000,294532.0003419295,198489.89,155601.2,349947.55997539975
830000,675315.6054493859,944734.9158333334,953758.0,350000.0999515752
600000,537560.6040142626,563669.99,494583.3,350063.99608252326
969999,940361.1618653089,1049290.0,1.1363548e+06,349838.10923026776
715000,577819.9467956573,453840.0,476313.38,350023.8489433535
450000,412068.9112922326,469069.99,430724.28,350023.8489453917
347000,579839.6363750845,310044.1666666666,312827.66,350107.2195099236
800000,477287.21563797444,847390.0,849379.44,349783.1772325368
250000,-69321.66768420488,148749.99,156032.69,350023.8489127914
409999,455823.1400478706,313249.73,377163.06,349788.54949590017
425000,538089.4036568329,447109.8033333332,445399.12,350076.89782033215
760000,390161.1852571219,517736.58666666667,487748.28,349917.9669928253
65000,116741.47480353713,138999.99,127999.91,349736.96229428693
875000,674550.0814242065,746020.0,742624.6,350000.10000500176
114999,83095.61568445712,81685.0,100738.64,349752.1640469059
550000,511319.15776091814,657659.99,625276.6,350099.80512476753
780000,740495.3383615911,867880.0,785934.06,350036.52730618115
120000,207639.08734348416,138659.93,136905.25,349752.16406947834
700000,713112.5896252468,856039.99,798147.25,350076.31120768766
750000,789043.8072699308,975309.97,841148.6,350109.557360464
400000,536820.1114305407,436980.0,389548.25,349711.05486139137
125000,453896.03168863803,187909.99,182317.36,349838.1091899624
1400000,1047475.9749950022,1393203.3333333335,1.3777326e+06,350045.2772515741
280000,365366.2961161211,299040.0,241271.39,350000.0998845786
650000,661773.618151702,495110.0,698577.4,349903.6605815237
925000,491475.65934860706,816589.99,844616.06,349813.2024620428
120000,156740.60923281312,194309.985,199565.31,349777.7260866404
730000,949085.7994531468,1052130.0,1.01882494e+06,349933.17133653176
420000,338715.1803821847,405406.46666666673,337649.06,349725.93114690646
570000,510032.8530810699,610968.3233333334,621420.25,350099.47550521576
325000,452270.10939557105,273840.0,267222.8,349793.1297001188
300000,402851.78947544843,415199.99,419703.7,349734.9090962419
150000,214155.23187223077,145009.95,130939.625,349891.99632306094
114999,369485.8242614046,203850.37916666665,223074.88,350045.277245903
725000,460988.2192001119,449570.0,556210.94,349838.10938126664
195000,137735.18692353368,140091.99,162765.53,349914.2843980825
615000,687962.0328231603,819899.93,936041.06,350092.1988041119
760000,702439.7743848413,654389.99,773818.44,349987.52861096594
148000,359638.8108698502,230650.0,201885.58,349725.9311793129
350000,62694.97174742073,209876.6666666667,460449.38,349725.93119132903
275000,229457.10188358277,271319.96,324794.06,349756.69489622774
420000,458429.0662191361,401539.75,415585.56,349947.5600855452
434999,503530.8750896156,575686.6666666666,434011.44,349725.93116199865
280000,221511.6512158364,290330.0,284439.03,349712.42694870604
150000,159696.720053263,113248.27333333335,128727.71,349711.05475975684
350000,544441.2699405178,475421.6466666667,480066.88,349891.99640267907
800000,506358.6747756079,849833.3033333335,701523.06,350079.7049998026
351000,343090.2398506403,294517.4625,336162.03,350000.09999752004
280000,377618.14415373653,330216.6566666667,346406.53,349712.4271644014
240000,252713.70983245224,251753.27333333335,235218.73,349838.1092529307
535000,559841.9115700573,545650.0,511947.44,349838.10940963554
800000,684843.2938490137,1001499.99,1.03147094e+06,350079.70499895816
450000,468620.2087739259,505099.99999999994,411695.06,350045.27724252903
665000,664463.9619170278,730149.99,702433.1,349942.06293840817
500000,543548.5152259022,582919.9675,612790.56,350101.3723946124
1850000,1092924.7812649757,1288391.6466666667,1.1912471e+06,350107.2195099622
550000,552677.9536777735,518898.31,521526.22,349762.43370731035
150000,407032.55260869116,167064.0,150956.33,349838.10932782583
65000,-143375.2469741404,64005.0,57814.766,349752.164055402
110000,187432.1891213581,136999.96,145507.77,349758.8929099859
850000,615535.8073647767,772590.0,722926.06,349773.7380478449
350000,584060.7483643442,590117.4475,532758.7,349752.16406676953
550000,449631.7503259033,574910.0,562347.0,350087.3519650112
1350000,806370.1420591474,1269710.0,1.325215e+06,350106.8724130059
1500000,538484.8407828882,771767.38,1.1181744e+06,350079.7048362024
760000,669881.9277275354,882096.6566666666,878288.4,349947.5600801843
183000,496422.7068958804,260175.69333333336,288389.62,350000.10000253154
680000,619072.6725178212,643779.99,815521.8,350079.70498210675
675000,579639.0853742585,568431.5476190476,572995.8,349752.1640722925
420000,545390.894798696,446815.0,427024.56,349725.93127745367
220000,429074.7838185206,288860.0,324948.7,349981.3024853768
500000,439427.00867289305,522569.62,596751.75,350079.70478762424
375000,478811.3513287157,540421.99,492622.03,350101.3725320313
250000,168210.98992595077,199144.15916666665,201607.33,349891.99639029725
140000,158440.88558501005,127169.92,135731.05,349790.314635606
1300000,479502.1212433353,539200.0,578077.44,350023.8489544901
1700000,991070.502145052,1116839.99,1.2447639e+06,349813.2024703936
300000,359281.9229728654,294783.3333333334,313058.6,349947.5600884504
271000,310019.67497657984,310509.95,285539.1,349817.4863794855
300000,509441.9751428291,397059.98,341068.2,349818.94965153636
175000,504023.50799617916,188909.99,249731.81,349945.913943503
250000,502177.151253514,399400.0,407706.03,349919.86331744026
300000,498916.2679161206,241637.5,288389.62,350023.84897023125
495000,506241.1062068045,545559.97,583408.56,350098.17818102916
500000,350047.6854495555,443979.99,371922.25,349838.10920560785
175000,369012.2317341119,220849.99,157643.67,349756.5698023974
370000,239772.1768759638,190349.96,229601.38,349725.931142669
1195000,786730.48882211,1183140.0,1.3128282e+06,350107.21949119226
250000,267664.34278229624,211548.22333333336,259410.64,349891.9963594254
155000,55121.65393001586,149599.98,143997.66,349947.56003573287
65000,-116611.68484663963,57910.0,63446.66,349891.9963563567
240000,360026.0042958185,261329.87,279626.97,350000.0999709289
100000,39613.27582088113,294310.0,179144.62,349743.1459179022
150000,200307.14563318342,123799.97,184323.02,349716.8774561172
350000,277797.8353895694,264470.0,315986.53,349788.54939683096
300000,624276.445394896,473019.99,493125.25,349855.12894010334
200000,419747.1789498925,546955.8333333334,259406.84,349711.1305357656
450000,421098.5230494514,458638.1733333333,414773.88,349712.4269503081
260000,697734.6790874526,477889.995,552976.06,349726.0361790574
950000,563137.1178766787,791493.2021666667,842342.1,349752.16407006123
50000,-454593.50615751,66400.0,53864.445,349725.9311384986
720000,631747.9409795105,798780.0,808617.8,349891.9963958736
90000,171702.3933191225,105650.0,125573.52,349980.64692658634
475000,506971.09399574995,500199.96,486107.75,350079.7049375182
400000,441409.7343169674,404559.0008333333,377955.0,349712.42709255667
421000,589210.8272132277,476750.0,458116.75,349833.3194131372
245000,477679.85764731467,263928.2833333333,263194.6,349848.53142230056
600000,478696.5227249339,632249.99,631590.75,350101.3725477584
140000,160079.48206585646,128855.0,154686.08,349711.0547550299
650000,127073.09280756116,322400.0,340641.28,349813.20243696234
330000,443537.18770100176,538650.0,539128.8,349787.82284663443
760000,509354.0691073686,683599.99,663892.3,349882.5721656867
220000,-78329.99149034172,209079.97,229923.14,349790.3146717486
650000,509566.7248860225,684789.98,639187.4,350092.1988186932
359000,763203.0944541246,767065.0,481735.25,349711.05487772444
260000,393554.56436560303,214750.0,168310.14,349732.47297437245
225000,456524.8704042807,392025.0,376512.5,349788.54931574775
80000,246988.25014829636,130549.98,141525.72,349758.91199878784
250000,50573.46374887228,79915.0,79944.01,349812.6035674187
295000,508696.61940265447,499914.974,459960.3,349752.16406357655
550000,424640.4551775083,233890.0,250730.62,349790.31463467056
500000,529237.4878777266,479189.53,509241.5,349752.16416319384
280000,329105.3534579128,306407.65,283568.8,350108.49965506827
110000,120472.76237577945,106137.93,106775.06,349752.1640660398
860000,987884.1055517122,864360.0,694409.7,349781.4887307425
390000,507085.56595142186,488150.0,429119.62,349838.1092071697
1400000,544620.2488611564,728530.0,781117.2,350101.3725538867
640000,694020.0145015493,767149.99,698332.25,349914.2844957513
190000,205385.8284671381,171583.1366666667,157636.77,349936.53993361583
611000,705557.7221341953,687406.6566666666,701590.06,350026.55131408735
890000,610543.6183492765,929030.0,739216.56,349891.9963956759
400000,425020.84939810634,283559.92,343655.06,349846.6911821819
325000,475909.51082836837,339121.66666666674,296687.44,350092.1989062791
43000,-102008.31694920361,50000.0,50447.715,349821.78236332984
120000,45021.34783992171,130388.32333333332,106485.39,349712.42695479776
539000,547343.0086029693,479299.99,452067.0,350108.9619468594
350000,424861.8732999861,449480.0,352400.16,349984.9272462294
800000,475705.3710883185,508433.27333333326,498264.12,350092.1988943916
200000,430052.0684302002,154680.0,180986.75,349752.1642337883
245000,202332.07290053368,349367.94,294247.06,349869.3756630849
400000,448254.0099662319,465799.96,408027.28,349882.64385658037
650000,481423.06457313895,669289.99,629048.06,349838.1092424618
300000,649760.6802076399,849759.96,1.0666232e+06,350045.27723669534
80000,18332.312552839518,65400.0,138136.14,349711.05475797295
225000,621969.8585322723,400919.97,427053.25,349844.62253964605
100000,311594.73035770655,191506.0,213777.84,349790.314640798
210000,459309.4188480973,254700.0,283738.53,349947.5600032189
580000,461970.6416990906,586266.6666666666,642712.25,349838.10922220204
190000,357353.0698581487,314830.0,331236.22,349711.0548027145
1000000,901742.3432346806,852960.0,802005.0,349790.31475773075
180000,250120.86944387108,258949.99,229920.45,349745.29480316123
225000,105482.55516639352,182849.74,213337.88,349919.8632532835
940000,753990.0737689212,1160153.3333333333,978529.2,350108.83984487347
1000000,674333.1829504073,720139.99,743561.7,350000.0999971679
600000,400304.9914874807,515119.95,480387.44,350023.8489423828
430999,537565.8003672212,533899.98,483876.53,350094.30086879176
520000,479706.26098338515,511599.9,458829.2,350023.84893699054
220000,479237.5114549175,193420.0,227141.89,349725.93134412845
800000,677477.4393920526,749141.6666666669,826854.25,350023.8489589182
580000,503660.48798926175,495722.5,494541.03,349711.0548118345
1200000,614947.4172337502,1043029.98,1.1658882e+06,349891.99632016884
1400000,722760.3821232319,1158820.5555555555,1.2785176e+06,350101.37256369804
409999,321951.3798031807,396438.3233333333,333022.44,349712.4269465741
750000,570104.6639299765,737720.0,627724.8,349990.11361004796
725000,530121.4822792038,763369.87,672120.4,350045.3738039943
229999,85801.73200042546,156699.78,153212.42,349802.66343216476
426000,875757.5498921648,740730.0,535845.6,350092.198756918
225000,377990.52964279056,271160.0,333180.62,349790.3146295368
300000,499173.2408831492,182020.0,236555.3,349891.99644534703
350000,372862.7048829049,300823.2133333334,283200.6,349736.9622937295
375000,478709.28145869076,579349.99,579746.25,350101.37254630536
600000,469518.4420489967,539300.0,417441.5,349711.0548553969
560000,477712.48204091936,550250.0,555793.6,349845.78404988226
250000,377142.9746546373,305219.99,271628.22,350000.0998862699
350000,235669.57375898212,365850.0,322205.8,350045.27724349103
1250000,611349.5735157728,907068.3133333335,947750.7,350023.8489654458
330000,447739.9763998836,377950.0,345391.38,349711.05510642746
450000,475079.70710837096,457250.0,530370.3,349712.42695237184
800000,631913.8045182973,689269.98,726527.3,349891.99638367083
350000,306377.9511096552,347158.0,311373.2,349752.16410446423
470000,348866.9004485905,272594.99,341295.9,349833.31945861084
85000,98461.18652076274,130663.23333333334,123550.13,349838.1092073505
300000,288128.26106408983,255784.9725,224241.45,349825.58321132715
850000,624044.9481070712,705185.5466666665,500748.72,350054.8387544686
750000,659792.8550427705,857559.99,719183.9,349838.1092402338
780000,590226.6100980863,607839.91,644321.1,350040.93648679176
680000,553929.2959635109,646859.99,614507.8,349955.2036818012
350000,496309.63544140756,474450.0,423559.25,349724.4352212639
200000,161421.43342793733,172740.0,186044.12,349947.5600753444
700000,655035.3902098313,708220.0,694236.56,349790.31463825225
300000,441282.1469794363,155681.32333333333,190481.83,349712.4271425722
525000,673004.7414669469,677480.0,685751.4,350023.8489176876
100000,191192.22954619676,214149.97,176681.8,349790.31466802146
500000,431253.9892264381,450882.8271428572,406857.84,350009.8498635735
75000,126715.71888452768,93831.65666666668,102444.234,349711.0547587184
475000,912418.6743201837,618609.88,678161.06,350101.3725382569
1150000,665841.1951601282,908789.99,1.17172e+06,349903.1253779023
210000,473971.1620710641,210039.99,232687.31,349803.7800858324
240000,393822.9426578209,245250.0,269753.72,349838.10929517064
290000,327412.05322832614,282000.0,286804.6,349953.02665231907
490000,627135.3953785449,490961.9938095238,541191.4,349895.4130791103
210000,424476.158109799,263443.3333333334,236778.97,349936.5399459077
520000,522445.68820434064,523426.32771428576,548450.9,349781.81994656794
400000,909426.4010958895,613959.89,648985.3,350089.9637911652
85000,69395.57375726849,128700.0,122763.414,349891.9963741393
210000,405827.98034559935,355050.0,319715.66,350063.996022011
310000,204601.46254746616,395281.65666666673,331577.7,349896.99828980776
100000,7117.018299460411,96960.0,134521.38,349711.05477004504
825000,654568.0551889688,976799.9399999998,905341.8,350095.301760048
125000,146664.20704650134,110838.0,99424.08,349790.31463403703
300000,381777.9740623981,269500.0,258766.88,349711.0551038269
95000,89338.49249863625,98718.33333333334,99946.9,349764.9918930676
70000,120472.76237577945,106137.93,106775.06,349752.1640660398
270000,486558.93444589525,388799.92,376082.44,350082.46564081515
335000,490341.28693021834,321618.39238095237,327060.75,349995.1114113307
434000,501810.18762341887,491796.66,434334.75,349793.1605722687
300000,435447.8265988827,303563.3333333334,243361.95,350045.27724930516
250000,294623.64288886636,255449.93,270740.1,349832.98856902734
115999,227076.86950724572,252649.12916666668,155415.84,349725.9313716951
400000,533328.1768915802,454959.6,496746.4,349826.8557973098
250000,462213.05764039606,394399.98,400438.6,349838.10920712125
375000,390317.98867274076,479136.5366666666,393705.94,349919.86328648403
1331000,843275.6775940806,1164729.95,1.1614762e+06,350109.5543556706
750000,536054.5874053612,579488.0952380953,604142.8,349711.0547586231
250000,181753.85228283703,198053.32333333336,202247.64,349725.93114373035
125000,180498.01781458408,217799.94,208445.08,349891.9963551783
80000,140446.7680052668,110629.99,118981.32,349947.56006442534
725000,713487.2461785823,772506.6666666665,783944.2,350083.79745639587
401000,572416.3904438466,437001.66666666674,441639.94,350101.0697598518
1575000,1057845.7398223355,1247359.96,1.0962378e+06,350101.3725267177
335000,550943.4758896008,377399.98,423283.8,349790.31466236355
220000,416479.3787256852,350600.0,294660.2,349725.9311504528
199000,177713.52940036356,201381.65666666665,199267.58,349775.8623288749
1290000,626310.9396372586,840740.5555555555,978224.3,350107.21950684895
450000,511315.5823632404,538099.78,522820.1,350103.47354863264
130000,-166405.99620096385,87266.66666666669,70890.61,349712.4269444138
495000,390635.67074444145,413959.98,468948.6,349973.22292171686
140000,169670.9641342461,120589.8,128136.266,349725.9311560834
225000,514166.3795536533,519229.98,492096.1,349756.6948738363
1015000,684575.360440202,747710.0,812919.4,350079.70499394834
250000,234326.90910069644,268000.0,242132.67,349865.5615242162
300000,268231.1246881932,275110.0,306183.4,350069.8102013408
210000,311004.5049846694,259949.65,219886.7,350092.19889898004
1085000,686469.260974057,1321733.3133333332,1.242761e+06,350092.19877050986
260000,355512.00255126506,296149.99,264838.62,349758.91195574263
250000,499964.2823758349,496200.0,262264.03,349891.9963772751
600000,462283.1147656068,399560.0,585770.75,349982.34114234644
475000,505309.0938448161,526880.357142857,468496.8,350070.6545565602
800000,682043.5232186913,703175.0,762547.06,350063.99615998147
220000,440013.55377743393,199796.13285714286,179648.61,349838.1093298119
300000,383670.0763042867,305370.0,254578.92,349752.1642278433
150000,115281.50059523433,164700.0,172537.3,349725.9311857325
509999,462383.45462255925,479150.0,467392.4,349775.8040877854
150000,416737.0649889037,293724.99,246852.2,350063.9961636222
260000,468377.792832613,331239.97,392774.5,350045.27725118096
73000,92274.74350748211,190762.5,167732.06,349790.31465861306
280000,464937.8423392847,205798.1433333333,255852.8,350014.6033900195
710000,973526.2638670504,1204200.0,617510.25,349712.4273157918
710000,642513.2265531868,691960.0,778049.56,350000.09991916025
100000,207777.20778953284,174749.93,167509.48,349812.60356765374
500000,558598.8358355537,576290.0,505020.8,350045.2770977364
105000,-117413.45951097459,74810.0,79111.69,349790.3146521374
250000,370128.8828614205,280716.6666666666,342247.12,349711.05503387266
1165000,960494.8175106198,1150529.97,1.0295368e+06,350096.2692864873
210000,201702.34044481814,238999.89,222840.48,349891.99635537
425000,581963.4592353255,409800.0,435179.34,350079.70481963217
450000,518249.82526979595,457499.96,448047.06,349838.1092541581
275000,356802.952276282,346299.79,299266.88,349963.8496096213
1380000,682375.2502962723,1108111.9047619049,1.0518431e+06,350063.9961635176
900000,519760.83441310376,821376.6666666667,797790.7,349712.4269605233
200000,478672.80354938656,239449.5766666667,219854.05,350023.8489094139
250000,53129.363794624805,74250.0,80268.625,349838.10918949946
239000,492127.50965563953,252480.0,274143.72,349995.11131421785
60000,-139618.44193439186,47040.0,50714.633,350000.09996399516
360000,502683.2485016808,361806.6666666666,330032.38,350058.6846324137
254999,547625.95752348,528300.0,498799.22,350045.2772420421
229999,411357.99759973586,285220.0,239629.03,350012.23702465056
85000,-108641.812930502,71810.0,90022.21,349766.0896047627
1400000,785532.4288299754,1183150.0,1.1166486e+06,349710.4289680854
200000,227565.31097318232,328569.67,272716.3,349812.60377519863
80000,119783.7907531187,99950.0,102120.695,349752.1642268809
475000,311365.0731501505,319483.0,313763.6,349790.31466979615
400000,508678.3238502145,655203.3233333332,448512.8,349727.98346140335
302000,478236.8516617343,442840.0,415138.3,349891.99641950545
80000,115485.64033528417,93051.79333333333,108957.125,349725.9311544957
450000,554532.4995218068,478659.37,489189.03,349826.8557975082
360000,493030.43637567014,402559.98,399596.78,349826.85586370894
320000,431443.127057381,246840.0,256234.16,350000.09986148187
350000,478048.664897874,481385.0,414638.2,349807.41528859653
541000,663749.8294749632,504236.64208333334,468771.75,350109.5577073499
200000,393475.0038481504,245930.0,260175.11,349947.5599813946
269000,352875.5509089008,271119.97,340056.7,349933.50965016516
650000,481724.7917800173,572050.0,587904.4,350054.8388864186
250000,502177.151253514,399400.0,407706.03,349919.86331744026
270000,462969.6325782761,292609.81142857147,298033.72,350000.0999928034
75000,55766.594506554306,132400.0,88159.46,349720.068207012
495000,481304.9123489633,506422.0,472300.22,350107.21947967366
350000,477930.9986997545,334399.98,349734.75,350101.3725002378
950000,679588.2383997068,797799.95,792002.8,350045.2772504079
509999,649062.5220499486,726933.2833333333,761917.9,350063.99615851644
250000,541739.7468476221,655730.0,470697.4,350109.8271835769
280000,357477.333575286,223789.98,265948.75,349919.86327380635
142000,-45802.818304650486,90283.33,141023.25,349822.94836116163
90000,109268.20129404217,133864.0,103002.484,349838.10921600857
80000,-67413.48308816552,68635.0,58884.17,349838.10920529783
290000,413962.3258000463,221010.0,232084.52,349714.4072208728
750000,884135.5878027305,565950.0,563158.56,349957.16878283245
170000,344250.9279740602,124230.0,155904.95,349752.16407928057
290000,325303.49739602953,327735.7733333334,286559.53,349936.53995169856
700000,503339.7624961287,447162.9933333333,490804.06,350056.8550168244
450000,789198.3719475344,585150.0,578855.5,349775.08999941376
300000,247218.26400394738,302094.99,266863.03,349725.9311893264
600000,509774.18824645877,546600.0,569285.25,349790.31463740545
850000,702977.7575000525,858613.3333333335,818004.7,349947.56007409014
475000,438234.83849544823,604300.0,531837.3,350063.99614710355
170000,389052.5897131786,249610.0,279013.72,349714.4073115725
78000,88358.01889848709,97800.0,95888.03,349866.1771581472
355000,426373.51116702706,306789.98,361426.3,350003.90532592224
550000,394511.5576323867,592363.3333333334,453462.2,349711.0547705666
265000,231424.16833282262,215928.92,170527.78,349990.05250128714
450000,506823.40978068113,442850.0,398821.78,349833.31941285555
380000,389289.2998238802,319940.0,288232.2,349752.1641356552
390000,471370.0660569146,352776.6566666666,392774.5,350067.38670955366
1068000,527219.3098320365,481409.99,670086.75,350019.2709026317
260000,344062.14679122716,280209.99,296057.5,350009.84985917935
550000,525418.0851974934,486150.0,439523.94,350009.84986540244
225000,242231.1419634521,299939.99,268721.97,349712.42698922486
240000,517703.22528051585,401739.5444761905,451916.8,349752.1641065244
80000,46235.711864478886,89712.5,100205.45,350000.0999787539
400000,543893.0010372326,430925.0,402307.12,350101.3725024487
1900000,610931.8589223251,1093499.98,1.1962202e+06,349725.9314564289
75000,126573.17078052461,108279.98,150579.38,349925.43535860075
150000,357843.74482093006,233720.0,208005.7,349875.44208445627
150000,61932.5950589627,98950.0,85086.01,349812.6370820737
440000,523396.15244270116,393399.99,434093.12,349838.10920720384
1200000,755319.2234904468,1037890.0,1.0950026e+06,350099.8051593222
55000,227178.93937727064,62313.66666666667,86186.19,349725.93132841354
450000,500682.224464342,438050.0,420601.28,349790.31488724804
160000,353334.0862544477,302499.92,293323.3,349752.16405209905
600000,438234.83849544823,604300.0,531837.3,350063.99614710355
200000,513196.53241402656,329730.0,345402.28,349748.2177699204
940000,684524.3255051896,827069.0376190476,860381.6,350079.70498972567
434999,435856.41459168494,489189.96,412036.28,349788.54927035276
450000,640608.8104609326,685931.6533333334,686981.9,349984.92729843076
229999,410971.5308115259,288295.0,346290.8,349790.31463161384
755000,724115.0510764197,841200.0,789824.2,350104.10764284816
80000,72300.73787800223,150298.3333333333,127665.68,349711.0547927684
250000,474373.97642728686,355702.370952381,361239.8,350082.4657470331
600000,706078.0045518354,750410.0,634422.56,350023.2952903495
480000,486665.0046405792,488186.6666666666,536417.9,349712.426971439
100000,311772.94888949394,145733.33333333334,162864.64,350005.01406767877
229999,304420.3862849921,402097.5,326790.28,349947.5600877965
675000,664513.8331374303,730149.99,702433.1,349942.61389377597
320000,437250.26105641574,229503.33333333337,266703.78,349947.5600839798
70000,23714.95533967018,102309.16666666666,92466.89,349712.42694539396
110000,156970.2664403692,123789.97,135731.05,349777.7260564704
600000,616646.2287867367,539300.0,574071.25,349752.1641125554
570000,631939.3219858035,719859.83,818557.56,349891.9963818836
480000,373307.2350021601,591233.3333333334,453462.2,349711.0547705736
310000,-86292.26317699999,93765.0,116767.23,349752.16405409825
550000,626236.7159868479,570122.47,541022.44,349885.42109130044
160000,207974.13804145157,213264.9,184611.12,349770.9135865362
220000,162531.61973505467,244990.0,226076.1,349734.90908489143
250000,378205.04590637237,257087.50000000003,308736.38,349712.4269821746
120000,426320.7808579579,146904.65666666665,181216.53,349736.96244879323
380000,363129.82089681923,391519.98,391045.5,349731.8886464119
550000,506384.1922431141,601533.3333333333,551664.7,350079.70500021434
200000,382977.65168328583,274870.0,335162.9,349838.10920825123
284000,581108.7517215833,469790.0,534276.7,349933.1713540178
180000,277332.37725321203,242807.94,214302.31,350000.0999912134
430000,407951.181438908,258969.97,298088.53,349838.10920866515
495000,604386.6381908283,457484.99,514854.66,349717.5944853145
200000,403849.89058782905,258906.65666666668,231853.77,349711.054782924
600000,749602.2736370265,672679.97,535724.8,349838.10931359406
800000,669254.5065982714,955099.99,1.0464603e+06,349936.53991467116
120000,382109.70113997906,129799.99,147727.17,349711.0549402255
199000,331879.16179306805,466904.975,386824.66,349795.72974442405
625000,496592.6451999396,560149.95,607789.8,350045.27724962536
277000,293905.83181796223,246682.4275,249683.97,349877.630511915
800000,627652.9380919933,866599.99,835464.9,350060.4849069209
315000,135931.36246552318,144749.97,161720.81,349712.42693860515
900000,589328.5625474006,960766.2386904762,837738.0,349790.3146321233
210000,617263.7593234777,448249.86,354929.0,349872.70679612836
650000,548552.3551821709,515924.97,619714.06,349780.7174464028
250000,505286.4551142901,420866.65333333326,408610.94,349710.310725031
600000,565977.3196483254,630933.2933333333,643394.9,349891.9963777681
225000,201702.34044481814,238999.89,222840.48,349891.99635537
285000,472744.74257566035,315050.0,305983.47,349826.8557246922
790000,732074.0840840191,840639.99,760857.56,349953.02663811075
100000,135740.33810734004,129455.99,159788.55,349891.99635133863
350000,493594.9072098881,485680.0,365358.34,349711.0547611379
55000,191565.1997973323,189359.98,246915.48,349857.9305761173
400000,279944.09049762785,410080.0,302396.8,349725.9312535752
500000,879029.3936713487,682459.97,616350.2,350101.3725613082
450000,571245.1338313892,469469.64,502052.1,349947.5600502259
320000,418908.03890770674,359529.99,357461.88,349923.48619386397
60000,4226.767852529883,73710.0,72205.61,350023.8489398303
585000,664719.1365920901,584499.99,652510.75,349942.06292203
800000,587845.2258116603,539685.0,615048.94,350092.19885436806
200000,243782.9213103056,149483.33333333334,157988.16,349775.0898806464
350000,548943.5600984022,368858.0,341584.34,349947.5600960841
650000,649971.386059314,515558.80119047617,679546.44,349783.5075154379
220000,429232.0564716533,278499.98,307071.9,349838.10920513514
500000,533881.1245625913,764599.98,682712.6,349827.41179739387
525000,476317.79030846804,483452.0,463815.3,350092.1988762027
665000,663508.9278878793,600590.0,600014.5,349933.17135366466
450000,456674.27712965757,536040.0,776744.8,349728.0461631691
250000,147006.66729572415,185744.15916666665,188072.42,349891.9963901056
1800000,940634.5738345757,1406950.0,1.4044071e+06,349712.4272646615
380000,408006.68593257666,468099.85,381583.0,350087.2244875907
819999,708181.778014347,877083.2466666667,808234.1,350000.0999693772
300000,488494.9821277261,560472.48,498220.06,349758.91187527316
50000,152557.19918346405,134296.6066666667,110791.89,349838.1092036696
459999,636594.7169487178,598215.0,649634.8,349947.5600936377
724000,1032159.7761917189,848139.99,712550.44,349953.1356738399
220000,164430.75141925365,204538.48749999996,201607.33,349850.74829296535
600000,411116.9987951666,739780.0,677433.8,349807.41544217424
350000,546858.6352063417,269301.5909090909,312827.66,350107.219509038
600000,580247.9158551842,542350.0,525868.75,350107.21948255785
240000,371288.25871893764,280100.0,261737.77,349947.5600800588
434999,457726.9792146161,350730.0,354263.0,349725.9314887357
300000,218021.25425647944,155799.96,207249.73,349711.05474778824
500000,383130.7564883232,413900.0,390265.16,349838.1092077899
1549000,971715.0291851386,1561049.99,1.4955755e+06,349988.955874646
150000,118515.19755111635,101430.0,84494.96,349947.56008138246
175000,413834.86784046143,143283.33333333334,151304.25,349790.3147764371
175000,376650.3765726611,312879.99,167788.84,349818.9496020714
110000,115255.9831277281,147910.0,133261.92,349725.93119088194
60000,118695.84538576007,87060.0,94578.195,349838.1092144996
400000,562511.9399227798,477164.99,457017.9,349752.16410146194
295000,305187.57922418416,252546.62666666668,306201.7,349711.0547497831
480000,683868.4811841175,537542.43,565586.75,349846.91169464175
75000,279098.6904495284,91839.98,97754.62,350023.8489047409
765000,535002.8926771581,446773.279,538151.56,349790.31462865206
160000,366073.1483848989,302189.95,268870.12,349720.0682072391
861999,746677.0840727314,904679.95,868730.1,350079.70489115105
590000,276880.8100653291,380399.9,397795.88,349753.47197452077
650000,651747.4640764967,917510.0000000001,829443.5,350079.7049989835
600000,601684.8626652583,530375.0,505877.94,349711.05480093206
280000,565353.973284334,473699.99,476321.22,349936.5399199351
1500000,879745.6810534745,1309669.96,1.3964758e+06,350023.84895751614
700000,538880.4451495185,593330.0,565975.56,350076.8979511966
75000,283629.8194780126,113659.98,100959.35,349898.38971936284
220000,475105.2245758772,388390.0,322402.06,349712.4269512839
175000,308510.94396442175,243637.4,208951.83,350079.7049911965
120000,89064.53845700622,125180.0,125904.33,349712.42699155974
471000,826141.4246481359,535309.95,531760.7,349994.9857917745
285000,569387.8958948627,431749.97,385858.7,349846.9904093053
300000,316167.80475188047,257629.86,310827.78,349766.23074494826
999000,867698.3340729326,745230.0,961194.0,349949.75065211684
1075000,361918.79703668505,545199.9691666666,537416.6,349783.1772318442
630000,287784.98507574946,540949.9925,615922.44,349865.5615910665
836000,573239.88956476,879159.98,921754.5,350101.8167094839
300000,211908.39667341113,210869.99,177580.66,350092.1988865264
350000,622156.458911106,419816.6666666666,610940.06,349790.31463320507
400000,372387.6647617519,304389.96,336654.25,350063.9961287967
720000,644075.4000094533,663466.6366666666,701409.56,350023.84896785475
150000,420486.4604774043,257122.38095238098,240486.22,349891.99638881977
200000,339953.91717106104,210067.71,216845.72,350067.37001446274
850000,591681.7774963677,701770.0,660387.56,349813.20226248546
245000,420486.4604774043,257122.38095238098,240486.22,349891.99638881977
300000,455823.1400478706,313249.73,377163.06,349788.54949590017
300000,412956.5407736078,237600.0,270562.72,349725.93149249896
320000,435524.0223533064,318836.6666666666,362462.78,349790.31466783496
650000,588665.1083922461,583099.98,552760.4,349790.3146740795
595000,445971.94818116724,521645.0,522013.0,350032.28794747946
140000,159454.30411195755,145699.99999999997,153567.44,349711.0547975768
265000,316632.5306851119,209130.0,237844.64,349711.05478978896
600000,354409.2728880495,261670.0,314466.6,349712.4270356644
250999,489849.6922235638,408179.16666666674,501579.16,349790.31465053215
229999,324918.6686786786,332580.0,274143.34,349725.9312021156
320000,386599.589212209,524789.67,459804.97,349891.99646919867
400000,575234.831463784,445229.68,494691.3,349990.05247600813
509999,509081.8930034116,505825.0,492656.06,350092.19890237047
300000,60033.74889642,168129.79,169193.4,349790.3146153231
100000,106382.94338152558,225350.0,78888.47,349711.0549773213
150000,90815.76150891185,98203.33333333334,145869.95,349773.73802984285
140000,190096.72179804742,138220.0,151131.83,349953.02667746233
160000,54000.32245287299,94163.33333333331,118822.54,349853.82452677644
650000,545454.6884674579,464215.0,524343.75,349725.9312574914
45000,-138388.6251673177,112861.66666666666,90015.3,349725.93117249676
400000,210276.96512123942,319192.98333333334,348951.94,349749.33348329854
155000,313483.0640958026,383039.96,202855.6,350098.1039171174
725000,681357.5030094758,737769.0076190474,779634.7,350059.2278314911
495000,631535.1600314826,485409.93,470523.62,349934.72351847554
130000,120789.70515748858,133875.0,145273.02,349838.1092450393
475000,413188.18984925747,364289.89,425014.72,350070.26251634647
300000,383506.0443554148,281699.97,324134.12,349781.8199614908
600000,760702.9082820788,611805.0,692384.4,349966.4916710916
150000,184314.5305922404,228799.985,223593.8,349783.17706423526
575000,595344.26769986,400041.66666666674,309998.4,350045.27724862064
290000,880991.049419798,704690.0,603093.6,349760.2250163861
550000,165122.17248473316,375230.0,427182.3,349861.0882354765
600000,424785.36030988395,451360.0,421238.97,349933.17129494844
180000,397606.9340790808,241589.97,224281.12,349752.16409200215
99000,216924.35980181396,122858.30333333332,120778.914,349838.10932328826
325000,393461.8884662837,195660.0,209560.2,349725.93118437985
750000,574067.7637176663,474160.0,542793.5,349723.08644677594
300000,523314.491922535,459126.63666666666,433602.7,349719.0058995656
350000,300223.09591419995,275319.99,294704.94,350009.84977789293
220000,252205.38604444265,314001.6483333333,264680.97,349752.16410014627
282000,473415.9498081207,311205.0,269796.56,350079.7049989647
400000,254560.75593346357,314729.91,290183.1,349891.99647365266
840000,529889.4149725139,482360.0,670086.75,350042.6536623879
210000,322118.3649296537,251080.0,240484.05,349713.2114925374
490000,542394.5791227967,603849.98,536173.5,350094.50373006205
80000,218519.20152094215,114299.09,143025.03,349838.10920750926
200000,441697.7066328302,169885.83333333337,177200.56,349838.1092162946
90000,436229.02923746407,170592.0,170576.1,349925.43539591925
90000,108453.66789595783,125940.0,125691.39,349752.16410160426
215000,355147.2538836077,258868.32333333336,251150.28,349752.16410064185
409999,-111445.23435463011,101350.0,120959.24,349951.06795775105
390000,419296.0885919258,338433.25,335355.66,349752.1640554687
265000,337453.0441556722,366689.94,288943.8,350079.7048838979
311000,597609.4736358523,387479.7,323166.12,349838.1091992713
480000,413240.8115127981,1068129.99,838094.3,349712.42708640767
155000,387505.459308669,266950.0,257955.8,349891.996386765
350000,423339.064334698,228256.16666666672,253490.11,349790.3147534244
95000,6951.154760666192,83850.0,69119.46,349711.0547511826
275000,470975.2123939097,456116.5966666666,325279.4,350093.54904879373
240000,332618.405153282,225046.65666666665,171187.58,349891.9964457313
440000,494822.55008953065,440510.0,427354.4,350023.93045069266
170000,217383.67421691865,203652.62666666668,174330.58,349838.1092474893
60000,15210.2499582991,76450.0,108277.0,349891.99637195293
700000,675452.0440177694,661141.6666666666,704128.9,350008.8073650991
120000,-4010.9903797656298,70926.0,71387.766,349725.93116915587
90000,69472.12615978718,129200.0,97486.47,349891.99636834493
350000,128489.31225414574,191559.88,199967.45,349813.20224623237
120000,220983.56480518728,359219.97,286861.94,349947.55993325874
300000,458951.8176549077,405645.83333333326,378470.22,349725.9311486146
80000,86129.77093791217,130950.0,143569.48,349865.5615627513
114999,132051.86232940108,106726.0,119880.54,349854.9850579059
315000,474938.7254754603,362233.27333333326,348096.1,350089.9637616151
200000,231192.4444205016,155064.955,162894.66,349752.164072651
350000,289927.2260358855,350069.91,367724.2,349954.2192777116
450000,447739.9763998836,377950.0,345391.38,349711.05510642746
400000,322229.39435209334,358600.0,354399.5,349896.36959910503
1735000,934838.7947741225,1327410.0,1.2108571e+06,349947.55995827995
200000,-60585.150155209005,173500.0,174164.36,349891.9963346523
725000,474388.58054564893,528317.8571428572,528056.0,349727.70432668325
515000,616961.873510167,715219.98,571614.1,350063.99607826426
160000,234569.5463621542,198038.21333333335,155060.48,350019.27095169306
990000,616193.1911696196,1442109.88,1.5150369e+06,349749.7070537596
150000,301245.00443742424,310000.0,161150.62,349891.99633033783
750000,524747.956453599,778386.6666666667,795931.75,349725.9311609478
250000,260874.78628427535,289449.97,243377.31,349947.56005103065
370000,237118.6364510283,236769.84,249633.05,349918.9263722722
925000,645006.787573427,815200.0,794182.44,350023.8488799598
275000,645975.8461122215,384060.0,382872.38,349770.9135554308
56000,54943.476540870965,89920.0,89800.86,350070.6545646017
665000,399991.48411823064,666949.985,546266.5,349775.09011262003
325000,589503.1560266837,452850.0,398733.88,349832.9173048731
700000,608907.0474305451,746699.93,680106.6,350000.0999945243
850000,621762.4329410419,315429.93,513421.0,349710.6884853175
70000,271923.8603507653,111160.0,113109.37,349725.9313360931
45000,279098.6904495284,91839.98,97754.62,350023.8489047409
120000,151357.5215625763,151560.0,129751.19,349711.0548886324
135000,95137.47619718313,119137.5,127910.195,349817.1460694026
140000,99026.02380423993,141490.0,113531.02,349752.1641028258
785000,576372.6019431651,476220.0,612763.44,350000.0999461652
130000,4483.5560913309455,164688.31333333335,168910.5,349730.16408845276
280000,313213.79944895953,253206.66666666663,244189.16,349805.6372743901
1280000,685561.1477022246,1271759.99,1.3252555e+06,350087.59601484984
409999,589210.8272132277,476750.0,458116.75,349833.3194131372
350000,319034.9822771251,405470.0,304359.62,349752.1640864532
1600000,1042795.0625645891,1223799.98,1.3793901e+06,350000.0999768069
550000,493846.99533586204,552500.0,647293.1,349826.8557324352
335000,333639.10385352373,531399.99,335895.0,349891.99636270443
370000,315783.41447630525,332168.0,344705.56,349826.85571624734
690000,437700.8032677397,612339.98,706109.5,350087.59605550603
650000,526483.9256267995,1049450.0,1.0597102e+06,349833.3195971962
340000,483638.88662840426,397399.66,424254.62,349914.28443751956
875000,879769.4002290219,741929.99,740847.9,350101.3724620908
180000,429379.04978373647,173670.0,176187.64,349865.5615636334
540000,507439.5917469412,511549.98,515865.44,350086.3627375279
300000,451486.0482679829,460288.28833333333,411506.88,349752.1641611868
80000,141817.43107729405,117040.0,101750.13,349752.16405462084
70000,47491.54633272439,101430.83333333334,91945.68,349790.3146596186
784000,674869.0497680306,957306.6416666666,887232.0,350000.0999980959
775000,507168.1721820608,693679.98,665398.56,349856.37750082614
175000,114299.73864202946,140600.0,154588.45,349797.4823344634
750000,636760.580487512,719643.3333333333,769839.3,349947.5600863818
229999,395662.35525832325,434200.0,363177.7,349974.495084232
68000,137803.42580037564,136397.14285714284,103247.53,349711.05493780243
700000,429136.633842431,994900.0,883961.06,349865.56159166555
690000,496409.948162131,615289.98,553812.3,350000.1000029482
45000,359024.6345003918,389569.91333333333,185602.11,350105.276204791
60000,-95301.38007008284,76890.0,57535.105,349773.2745402324
750000,802914.168332234,808770.83,722506.06,349790.3147229949
450000,489543.48261348903,301190.0,357470.16,349790.3146999184
